{
    "DashBoard":
    {
        "NoOfMotors":"6",
        "MotorStatus":
        {
            "Green":2,
            "Amber":1,
            "Red":3
        },
        "Alerts":
        {
            "Active":4,
            "Historical":15
        },
        "MotorStatusColor":
        { 
            "XAxis":"Color",
            "ZAxis":"Red",
            "C1":"green",
            "C2":"orange",
            "LP1":"green",
            "LP2":"blue"
        },
        "AverageMotorLoading":
        {
            "XAxis":120,
            "ZAxis":30,
            "C1":34,
            "C2":56,
            "LP1":78,
            "LP2":56
        },
        "EffectiveLifeConsumption":
        {
            "XAxis":2555,
            "ZAxis":3000,
            "C1":4134,
            "C2":5556,
            "LP1":787,
            "LP2":1056
        }
    }
}