{
    "MotorThreshold": [
        {
            "motorname": "Z-Motor",
            "minwarning": "3.00",
            "maxwarning": "400.00",
            "mincritical": "2.00",
            "maxcritical": "500.00"
        },
        {
            "motorname": "C-Motor",
            "minwarning": "10.00",
            "maxwarning": "1200.00",
            "mincritical": "5.00",
            "maxcritical": "1500.00"
        },
        {
            "motorname": "C2-Motor",
            "minwarning": "15.00",
            "maxwarning": "1800.00",
            "mincritical": "10.00",
            "maxcritical": "2000.00"
        },
        {
            "motorname": "LP1-Motor",
            "minwarning": "1.00",
            "maxwarning": "200.00",
            "mincritical": "0.00",
            "maxcritical": "300.00"
        },
        {
            "motorname": "LP2-Motor",
            "minwarning": "5.00",
            "maxwarning": "1000.00",
            "mincritical": "0.00",
            "maxcritical": "1500.00"
        },
        {
            "motorname": "X-Motor",
            "minwarning": "5.00",
            "maxwarning": "70.00",
            "mincritical": "2.00",
            "maxcritical": "70.00"
        }
    ]
}