{
    "LoginDetails":
    {
        "UserID":"",
        "UserName":"",
        "LastLoginTime":"",
        "SelectedLAnguage":""
    },
    "Home":
    {
        "System":"Schular Automation",
        "OverAllStatus":"GreenColor/No Alerts",
        "NoOfMotors":"6",
        "PlantCity":"Leap Cell",
        "PlantName":"Rivalta"
    },
    "DashBoard":
    {
        "NoOfMotors":"6",
        "MotorStatus":
        {
            "Green":2,
            "Amber":1,
            "Red":3
        },
        "Alerts":
        {
            "Active":4,
            "Historical":15
        },
        "MotorStatusColor":
        { 
            "XAxis":"Color",
            "ZAxis":"RedColor",
            "C1":"",
            "C2":"",
            "LP1":"",
            "LP2":""
        },
        "AverageMotorLoading":
        {
            "XAxis":120,
            "ZAxis":30,
            "C1":34,
            "C2":56,
            "LP1":78,
            "LP2":56
        },
        "EffectiveLifeConsumption":
        {
            "XAxis":2555,
            "ZAxis":3000,
            "C1":4134,
            "C2":5556,
            "LP1":787,
            "LP2":1056
        }
    },
    "MotorCondition":
    {
        "XAxis":
        {
            "MotorSnapShot":
            {
                "CurrentStatus":"GreenColor",
                "MotorName":"X-Axis",
            "Make":"XXX",
            "Model":"XXX",
            "AssetID":"XXX",
            "Location":"LeapCell",
            "Current":"12.5A",
            "Voltage":"400 V",
            "Power":"7.5 KW",
            "Power Factor":"0.82",
            "MAX RPM":"XXX",
            "MIN RPM":"XXX"
            },
        "PowerChart":
        {
            "12:00":0,
            "13.00":0.4,
            "14.00":0.4,
            "15.00":0.4,
            "16.00":0.4,
            "17.00":0.4,
            "18.00":0.4,
            "19.00":0.4,
            "20.00":0.4,
            "21.00":0.4
        },
        "Current":
        {
            "12:00":0,
            "13.00":0.4,
            "14.00":0.4,
            "15.00":0.4,
            "16.00":0.4,
            "17.00":0.4,
            "18.00":0.4,
            "19.00":0.4,
            "20.00":0.4,
            "21.00":0.4
        },
        "MotorLoading":
            {
                "12:00":0,
                "13.00":0.4,
                "14.00":0.4,
                "15.00":0.4,
                "16.00":0.4,
                "17.00":0.4,
                "18.00":0.4,
                "19.00":0.4,
                "20.00":0.4,
                "21.00":0.4
            }
        },     
        "ZAxis":
        {
            "MotorSnapShot":
            {
                "CurrentStatus":"GreenColor",
                "MotorName":"X-Axis",
                "Make":"XXX",
                "Model":"XXX",
                "AssetID":"XXX",
                "Location":"LeapCell",
                "Current":"12.5A",
                "Voltage":"400 V",
                "Power":"7.5 KW",
                "Power Factor":"0.82",
                "MAX RPM":"XXX",
                "MIN RPM":"XXX"
            },
            "PowerChart":
            {
                "12:00":0,
                "13.00":0.4,
                "14.00":0.4,
                "15.00":0.4,
                "16.00":0.4,
                "17.00":0.4,
                "18.00":0.4,
                "19.00":0.4,
                "20.00":0.4,
                "21.00":0.4
            },
            "Current":
            {
                "12:00":0,
                "13.00":0.4,
                "14.00":0.4,
                "15.00":0.4,
                "16.00":0.4,
                "17.00":0.4,
                "18.00":0.4,
                "19.00":0.4,
                "20.00":0.4,
                "21.00":0.4
            },
            "MotorLoading":
            {
                "12:00":0,
                "13.00":0.4,
                "14.00":0.4,
                "15.00":0.4,
                "16.00":0.4,
                "17.00":0.4,
                "18.00":0.4,
                "19.00":0.4,
                "20.00":0.4,
                "21.00":0.4
            }
        },
        "C1":
        {
            "MotorSnapShot":
            {
                "CurrentStatus":"GreenColor",
                "MotorName":"X-Axis",
                "Make":"XXX",
                "Model":"XXX",
                "AssetID":"XXX",
                "Location":"LeapCell",
                "Current":"12.5A",
                "Voltage":"400 V",
                "Power":"7.5 KW",
                "Power Factor":"0.82",
                "MAX RPM":"XXX",
                "MIN RPM":"XXX"
            },
            "PowerChart":
            {
                "12:00":0,
                "13.00":0.4,
                "14.00":0.4,
                "15.00":0.4,
                "16.00":0.4,
                "17.00":0.4,
                "18.00":0.4,
                "19.00":0.4,
                "20.00":0.4,
                "21.00":0.4
            },
            "Current":
            {
                "12:00":0,
                "13.00":0.4,
                "14.00":0.4,
                "15.00":0.4,
                "16.00":0.4,
                "17.00":0.4,
                "18.00":0.4,
                "19.00":0.4,
                "20.00":0.4,
                "21.00":0.4
            },
            "MotorLoading":
            {
                "12:00":0,
                "13.00":0.4,
                "14.00":0.4,
                "15.00":0.4,
                "16.00":0.4,
                "17.00":0.4,
                "18.00":0.4,
                "19.00":0.4,
                "20.00":0.4,
                "21.00":0.4
            }
        },
        "C2":
        {
            "MotorSnapShot":
            {
                "CurrentStatus":"GreenColor",
                "MotorName":"X-Axis",
                "Make":"XXX",
                "Model":"XXX",
                "AssetID":"XXX",
                "Location":"LeapCell",
                "Current":"12.5A",
                "Voltage":"400 V",
                "Power":"7.5 KW",
                "Power Factor":"0.82",
                "MAX RPM":"XXX",
                "MIN RPM":"XXX"
            },
            "PowerChart":
            {
                "12:00":0,
                "13.00":0.4,
                "14.00":0.4,
                "15.00":0.4,
                "16.00":0.4,
                "17.00":0.4,
                "18.00":0.4,
                "19.00":0.4,
                "20.00":0.4,
                "21.00":0.4
            },
            "Current":
            {
                "12:00":0,
                "13.00":0.4,
                "14.00":0.4,
                "15.00":0.4,
                "16.00":0.4,
                "17.00":0.4,
                "18.00":0.4,
                "19.00":0.4,
                "20.00":0.4,
                "21.00":0.4
            },
            "MotorLoading":
            {
                "12:00":0,
                "13.00":0.4,
                "14.00":0.4,
                "15.00":0.4,
                "16.00":0.4,
                "17.00":0.4,
                "18.00":0.4,
                "19.00":0.4,
                "20.00":0.4,
                "21.00":0.4
            }
        },
        "LP1":
        {
            "MotorSnapShot":
            {
                "CurrentStatus":"GreenColor",
                "MotorName":"X-Axis",
                "Make":"XXX",
                "Model":"XXX",
                "AssetID":"XXX",
                "Location":"LeapCell",
                "Current":"12.5A",
                "Voltage":"400 V",
                "Power":"7.5 KW",
                "Power Factor":"0.82",
                "MAX RPM":"XXX",
                "MIN RPM":"XXX"
            },
            "PowerChart":
            {
                "12:00":0,
                "13.00":0.4,
                "14.00":0.4,
                "15.00":0.4,
                "16.00":0.4,
                "17.00":0.4,
                "18.00":0.4,
                "19.00":0.4,
                "20.00":0.4,
                "21.00":0.4
            },
            "Current":
            {
                "12:00":0,
                "13.00":0.4,
                "14.00":0.4,
                "15.00":0.4,
                "16.00":0.4,
                "17.00":0.4,
                "18.00":0.4,
                "19.00":0.4,
                "20.00":0.4,
                "21.00":0.4
            },
            "MotorLoading":
            {
                "12:00":0,
                "13.00":0.4,
                "14.00":0.4,
                "15.00":0.4,
                "16.00":0.4,
                "17.00":0.4,
                "18.00":0.4,
                "19.00":0.4,
                "20.00":0.4,
                "21.00":0.4
            }
        },
        "LP2":
        {
            "MotorSnapShot":
            {
                "CurrentStatus":"GreenColor",
                "MotorName":"X-Axis",
                "Make":"XXX",
                "Model":"XXX",
                "AssetID":"XXX",
                "Location":"LeapCell",
                "Current":"12.5A",
                "Voltage":"400 V",
                "Power":"7.5 KW",
                "Power Factor":"0.82",
                "MAX RPM":"XXX",
                "MIN RPM":"XXX"
            },
            "PowerChart":
            {
                "12:00":0,
                "13.00":0.4,
                "14.00":0.4,
                "15.00":0.4,
                "16.00":0.4,
                "17.00":0.4,
                "18.00":0.4,
                "19.00":0.4,
                "20.00":0.4,
                "21.00":0.4
            },
            "Current":
            {
                "12:00":0,
                "13.00":0.4,
                "14.00":0.4,
                "15.00":0.4,
                "16.00":0.4,
                "17.00":0.4,
                "18.00":0.4,
                "19.00":0.4,
                "20.00":0.4,
                "21.00":0.4
            },
            "MotorLoading":
            {
                "12:00":0,
                "13.00":0.4,
                "14.00":0.4,
                "15.00":0.4,
                "16.00":0.4,
                "17.00":0.4,
                "18.00":0.4,
                "19.00":0.4,
                "20.00":0.4,
                "21.00":0.4
            }
        }
    },
    "ForeCast":
    {
        "XAxis":
        {
            "11.00AM":4,
            "11.15AM":2.5,
            "11.30AM":3.5,
            "11.45AM":4
        },
        "ZAxis":
        {
            "11.00AM":4,
            "11.15AM":2.5,
            "11.30AM":3.5,
            "11.45AM":4
        },
        "C1":
        {
            "11.00AM":4,
            "11.15AM":2.5,
            "11.30AM":3.5,
            "11.45AM":4
        },
        "C2":
        {
            "11.00AM":4,
            "11.15AM":2.5,
            "11.30AM":3.5,
            "11.45AM":4
        },
        "LP1":
        {
            "11.00AM":4,
            "11.15AM":2.5,
            "11.30AM":3.5,
            "11.45AM":4
        },
        "LP2":
        {
            "11.00AM":4,
            "11.15AM":2.5,
            "11.30AM":3.5,
            "11.45AM":4
        }
    },
    "Alerts":
    {
        "AlertID":"",
        "MotorName":"X-Axis",
        "AlertName":"",
        "AlertType":"",
        "AlertDescription":"",
        "DateTime":"",
        "Criticality":"",
        "Status":"",
        "DateTimeIfClosed":"",
        "Remarks":""
    }
}