{
    "MotorSnapShot": {
        "Power": "1.5 KW",
        "Motor": "X-Axis",
        "Min RPM": "100",
        "Asset Id": "123456",
        "Model": "MV1020",
        "Location": "Leapcell",
        "CurrentStatus": "R",
        "Current": "15.2 A",
        "Power Factor": "1.82",
        "Voltage": "100 V",
        "Make": "GE",
        "Max RPM": "1500"
    },
    "GraphData": [
        {
            "startdatetime": "2019-11-26T05:40:00.000Z",
            "summaryvalue": "600.00",
            "minthreshold": "5.00",
            "mincritical": "2.00",
            "maxwarning": "8.00",
            "maxcritical": "10.00",
            "torque": "140.00",
            "actualposition": "140.00",
            "drivetemperature": "140.00"
        },
        {
            "startdatetime": "2019-11-26T05:50:00.000Z",
            "summaryvalue": "600.00",
            "minthreshold": "5.00",
            "mincritical": "2.00",
            "maxwarning": "8.00",
            "maxcritical": "10.00",
            "torque": "47.00",
            "actualposition": "47.00",
            "drivetemperature": "47.00"
        },
        {
            "startdatetime": "2019-11-26T05:50:00.000Z",
            "summaryvalue": "700.00",
            "minthreshold": "5.00",
            "mincritical": "2.00",
            "maxwarning": "8.00",
            "maxcritical": "10.00",
            "torque": "47.00",
            "actualposition": "47.00",
            "drivetemperature": "47.00"
        }
        ,
        {
            "startdatetime": "2019-11-26T05:50:00.000Z",
            "summaryvalue": "500.00",
            "minthreshold": "5.00",
            "mincritical": "2.00",
            "maxwarning": "8.00",
            "maxcritical": "10.00",
            "torque": "47.00",
            "actualposition": "47.00",
            "drivetemperature": "47.00"
        }    ]
}