{
    "HistoricData": [
        {
            "startdatetime": "2019-11-26T05:40:00.000Z",
            "summaryvalue": "600.00",
            "minthreshold": "5.00",
            "mincritical": "2.00",
            "maxwarning": "8.00",
            "maxcritical": "10.00",
            "torque": "140.00",
            "actualposition": "140.00",
            "drivetemperature": "140.00"
        },
        {
            "startdatetime": "2019-12-26T05:40:00.000Z",
            "summaryvalue": "300.00",
            "minthreshold": "5.00",
            "mincritical": "2.00",
            "maxwarning": "8.00",
            "maxcritical": "10.00",
            "torque": "140.00",
            "actualposition": "140.00",
            "drivetemperature": "140.00"
        }],
        "ForecastData": [
            {
                "startdatetime": "2019-11-26T05:40:00.000Z",
                "summaryvalue": "600.00",
                "minthreshold": "5.00",
                "mincritical": "2.00",
                "maxwarning": "8.00",
                "maxcritical": "10.00",
                "torque": "140.00",
                "actualposition": "140.00",
                "drivetemperature": "140.00"
            },
            {
                "startdatetime": "2019-12-26T05:40:00.000Z",
                "summaryvalue": "300.00",
                "minthreshold": "5.00",
                "mincritical": "2.00",
                "maxwarning": "8.00",
                "maxcritical": "10.00",
                "torque": "140.00",
                "actualposition": "140.00",
                "drivetemperature": "140.00"
            }]

}