[
    {"alertid":1,"motor":"LP1-Motor","alertname":"MotorPower Alert","alerttype":"HighCritical","alertdescription":"","alertdatetime":"2019-11-26T06:09:50.893Z","criticality":"HighCritical","status":"O","alertclosedtime":null,"remarks":"","DateTime":"2019-11-26 11:39"},
    {"alertid":2,"motor":"LP1-Motor","alertname":"MotorPower Alert","alerttype":"HighCritical","alertdescription":"","alertdatetime":"2019-11-26T06:09:50.893Z","criticality":"HighCritical","status":"O","alertclosedtime":null,"remarks":"","DateTime":"2019-11-26 11:39"},
    {"alertid":3,"motor":"LP1-Motor","alertname":"MotorPower Alert","alerttype":"HighCritical","alertdescription":"","alertdatetime":"2019-11-26T06:09:50.893Z","criticality":"HighCritical","status":"O","alertclosedtime":null,"remarks":"","DateTime":"2019-11-26 11:39"},
    {"alertid":4,"motor":"LP1-Motor","alertname":"MotorPower Alert","alerttype":"HighCritical","alertdescription":"ddd","alertdatetime":"2019-11-26T06:09:50.893Z","criticality":"HighCritical","status":"O","alertclosedtime":null,"remarks":"cc","DateTime":"2019-11-26 11:39"},
    {"alertid":5,"motor":"LP1-Motor","alertname":"MotorPower Alert","alerttype":"HighCritical","alertdescription":"","alertdatetime":"2019-11-26T06:09:50.893Z","criticality":"HighCritical","status":"O","alertclosedtime":null,"remarks":"","DateTime":"2019-11-26 11:39"},
    {"alertid":6,"motor":"LP1-Motor","alertname":"MotorPower Alert","alerttype":"HighCritical","alertdescription":"","alertdatetime":"2019-11-26T06:09:50.893Z","criticality":"HighCritical","status":"O","alertclosedtime":null,"remarks":"","DateTime":"2019-11-26 11:39"},
    {"alertid":7,"motor":"LP1-Motor","alertname":"MotorPower Alert","alerttype":"HighCritical","alertdescription":"","alertdatetime":"2019-11-26T06:09:50.893Z","criticality":"HighCritical","status":"O","alertclosedtime":null,"remarks":"","DateTime":"2019-11-26 11:39"}
]