{
    "MotorCondition":
    {
        "XAxis":
        {
        "MotorSnapShot":
        {
                "CurrentStatus":"GreenColor",
                "MotorName":"X-Axis",
                 "Make":"XXX",
            "Model":"XXX",
            "AssetID":"XXX",
            "Location":"LeapCell",
            "Current":"12.5A",
            "Voltage":"400 V",
            "Power":"7.5 KW",
            "Power Factor":"0.82",
            "MAX RPM":"XXX",
            "MIN RPM":"XXX"
        },
        "PowerChart":
        {
            "PerHour":
            {
                "12:00":0,
            "13.00":0.4,
            "14.00":0.4,
            "15.00":0.4,
            "16.00":0.4,
            "17.00":0.4,
            "18.00":0.4,
            "19.00":0.4,
            "20.00":0.4,
            "21.00":0.4
            },
           "Per12H":
           {
               "Day1Time1":3,
               "Day1Time2":0.5,
               "Day2Time1":3,
               "Day2Time2":0.5,
               "Day3Time1":3,
               "Day3Time2":0.5,
               "Day4Time1":3,
               "Day4Time2":0.5
           },
           "Daily":
           {
               "Day1":3,
               "Day2":8,
               "Day3":4,
               "Day4":33,
               "Day5":3,
               "Day6":3,
               "Day7":3,
               "Day8":3
           }
        },
        "Current":
        {
            "PerHour":
            {
                "12:00":0,
            "13.00":0.4,
            "14.00":0.4,
            "15.00":0.4,
            "16.00":0.4,
            "17.00":0.4,
            "18.00":0.4,
            "19.00":0.4,
            "20.00":0.4,
            "21.00":0.4
            },
           "Per12H":
           {
               "Day1Time1":3,
               "Day1Time2":0.5,
               "Day2Time1":3,
               "Day2Time2":0.5,
               "Day3Time1":3,
               "Day3Time2":0.5,
               "Day4Time1":3,
               "Day4Time2":0.5
           },
           "Daily":
           {
               "Day1":3,
               "Day2":8,
               "Day3":4,
               "Day4":33,
               "Day5":3,
               "Day6":3,
               "Day7":3,
               "Day8":3
           }
        },
        "MotorLoading":
        {
            "PerHour":
            {
                "12:00":0,
            "13.00":0.4,
            "14.00":0.4,
            "15.00":0.4,
            "16.00":0.4,
            "17.00":0.4,
            "18.00":0.4,
            "19.00":0.4,
            "20.00":0.4,
            "21.00":0.4
            },
           "Per12H":
           {
               "Day1Time1":3,
               "Day1Time2":0.5,
               "Day2Time1":3,
               "Day2Time2":0.5,
               "Day3Time1":3,
               "Day3Time2":0.5,
               "Day4Time1":3,
               "Day4Time2":0.5
           },
           "Daily":
           {
               "Day1":3,
               "Day2":8,
               "Day3":4,
               "Day4":33,
               "Day5":3,
               "Day6":3,
               "Day7":3,
               "Day8":3
           }
        }
        }     
    }
}