[    {"id":1,"partid":1,
        "partname":"X-Motor",
        "motorstatus":"R","avgmotorloadingpercent":"85.00","effectivemotorlifeconsumption":"2555.00"
        },
        {"id":2,"partid":2,
            "partname":"Z-Motor",
            "motorstatus":"G","avgmotorloadingpercent":"30.00","effectivemotorlifeconsumption":"2920.00"
         },
        {
            "id":3,
            "partid":3,
            "partname":"C-Motor",
            "motorstatus":"G",
            "avgmotorloadingpercent":"45.00",
                "effectivemotorlifeconsumption":"4380.00"
        },
        {
            "id":4,"partid":4,
        "partname":"C2-Motor",
        "motorstatus":"A","avgmotorloadingpercent":"5.00","effectivemotorlifeconsumption":"5475.00"
        },
        {
            "id":5,"partid":5,"partname":"LP1-Motor","motorstatus":"G",
            "avgmotorloadingpercent":"3.00","effectivemotorlifeconsumption":"730.00"
        },
        {
            "id":6,"partid":6,
            "partname":"LP2-Motor","motorstatus":"G",
            "avgmotorloadingpercent":"120.00","effectivemotorlifeconsumption":"1095.00"
        }
    ]