{
  "datetime": "26/09/2019 12:09:54",
  "plantcity": "rivalta",
  "plantname": "leapcell",
  "plantid": "001",
  "machinename": "schulerautomation",
  "machineid": "1",
  "packetid": "5702",
  "X-motor": {
    "motorcurrent": "xxx",
    "activepower": "yyy",
    "motortemperature": "32",
    "devicetemperature": "34",
    "energycount": "23",
    "statusword": "x"
  },
  "Z-motor": {
    "motorcurrent": "xxx",
    "activepower": "yyy",
    "motortemperature": "32",
    "devicetemperature": "34",
    "energycount": "23",
    "statusword": "x"
  },
  "C-motor": {
    "motorcurrent": "xxx",
    "activepower": "yyy",
    "motortemperature": "32",
    "devicetemperature": "34",
    "energycount": "23",
    "statusword": "x"
  },
  "C2-motor": {
    "motorcurrent": "xxx",
    "activepower": "yyy",
    "motortemperature": "32",
    "devicetemperature": "34",
    "energycount": "23",
    "statusword": "x"
  },
  "tt1-motor": {
    "motorcurrent": "xxx",
    "activepower": "yyy",
    "motortemperature": "32",
    "devicetemperature": "34",
    "energycount": "23",
    "statusword": "x"
  },
  "tt2-motor": {
    "motorcurrent": "xxx",
    "activepower": "yyy",
    "motortemperature": "32",
    "devicetemperature": "34",
    "energycount": "23",
    "statusword": "x"
  }
}